season,reversal_rate,n_reversal_weeks
1,0.0,0
2,0.5,2
3,0.2,1
4,0.2,1
5,0.3333333333333333,2
6,0.6,3
7,0.2,1
8,0.3333333333333333,2
9,0.42857142857142855,3
10,0.4,2
11,0.3333333333333333,2
12,0.4,2
13,0.5,3
14,0.5,3
15,0.5,3
16,0.2,1
17,0.5,3
18,0.75,3
19,0.14285714285714285,1
20,0.3333333333333333,2
21,0.4,2
22,0.4,2
23,0.5,3
24,0.8333333333333334,5
25,0.4,2
26,0.5,1
27,0.5,3
28,0.6666666666666666,2
29,0.6,3
30,1.0,4
31,0.5,3
32,0.5,2
33,0.3333333333333333,1
34,0.5,2
